{
  "_note": "Measured baseline from a live run on 2026-07-15 (sdlc eval --json, controller v2.22.0, 3 tickets x 3 runs). Regenerate with: uv run sdlc eval --json > eval/baseline.json",
  "config_name": "strutils-baseline",
  "tickets": [
    {
      "ticket_id": "add-capitalize",
      "runs": 3,
      "errors": 0,
      "loc_added_mean": 8.0,
      "loc_removed_mean": 0.6666666666666666,
      "loc_net_mean": 7.333333333333333,
      "tokens_mean": 344298.3333333333,
      "cost_mean": 0.2648788,
      "wall_mean": 35.886563333332255,
      "quality_pass_rate": 1.0
    },
    {
      "ticket_id": "add-count-vowels",
      "runs": 3,
      "errors": 0,
      "loc_added_mean": 0.0,
      "loc_removed_mean": 0.0,
      "loc_net_mean": 0.0,
      "tokens_mean": 329170.3333333333,
      "cost_mean": 0.25712660000000004,
      "wall_mean": 31.676206513999205,
      "quality_pass_rate": 1.0
    },
    {
      "ticket_id": "add-truncate",
      "runs": 3,
      "errors": 1,
      "loc_added_mean": 4.333333333333333,
      "loc_removed_mean": 0.3333333333333333,
      "loc_net_mean": 4.0,
      "tokens_mean": 361050.0,
      "cost_mean": 0.26890215,
      "wall_mean": 133.1535096943347,
      "quality_pass_rate": 1.0
    }
  ],
  "overall": {
    "ticket_id": "OVERALL",
    "runs": 9,
    "errors": 1,
    "loc_added_mean": 4.111111111111111,
    "loc_removed_mean": 0.3333333333333333,
    "loc_net_mean": 3.7777777777777777,
    "tokens_mean": 342813.25,
    "cost_mean": 0.2629775625,
    "wall_mean": 66.90542651388871,
    "quality_pass_rate": 1.0
  }
}
